{"critic_loss": 0.03820173442363739, "actor_loss": -5.687351703643799, "_timestamp": 1736610798.629451, "_runtime": 202.85823893547058, "_step": 38976, "_wandb": {"runtime": 202}}