{"critic_loss": 0.059399478137493134, "actor_loss": -5.663265228271484, "_timestamp": 1736611107.336565, "_runtime": 209.44003200531006, "_step": 38976, "_wandb": {"runtime": 208}}