{"critic_loss": 0.022412365302443504, "actor_loss": -5.856410980224609, "_timestamp": 1736629470.992854, "_runtime": 65.43578720092773, "_step": 39872, "_wandb": {"runtime": 64}}