{"critic_loss": 0.024659566581249237, "actor_loss": -5.779333591461182, "_timestamp": 1736609603.611798, "_runtime": 120.18474507331848, "_step": 39488, "_wandb": {"runtime": 119}}