{"critic_loss": 0.0004439213953446597, "actor_loss": -5.875328540802002, "_timestamp": 1736628501.376823, "_runtime": 66.23032188415527, "_step": 39872, "_wandb": {"runtime": 65}}