{"critic_loss": 0.044917430728673935, "actor_loss": -0.35647615790367126, "_timestamp": 1736631452.945107, "_runtime": 79.91499495506287, "_step": 39744, "_wandb": {"runtime": 79}}