{"critic_loss": 0.030457505956292152, "actor_loss": -0.11237958073616028, "_timestamp": 1736631116.431512, "_runtime": 69.85208320617676, "_step": 39872, "_wandb": {"runtime": 69}}