{"critic_loss": 0.04126562923192978, "actor_loss": -0.20627954602241516, "_timestamp": 1736631885.056888, "_runtime": 124.24371314048767, "_step": 39488, "_wandb": {"runtime": 123}}