{"critic_loss": 0.0368170291185379, "actor_loss": -5.710264205932617, "_timestamp": 1736609861.074409, "_runtime": 119.2095079421997, "_step": 39488, "_wandb": {"runtime": 118}}