{"critic_loss": 0.00040558696491643786, "actor_loss": -7.759957313537598, "_timestamp": 1736630431.690836, "_runtime": 68.59125089645386, "_step": 39872, "_wandb": {"runtime": 68}}