{"critic_loss": 0.04383191466331482, "actor_loss": -5.7198052406311035, "_timestamp": 1736608811.577141, "_runtime": 125.62370109558105, "_step": 39488, "_wandb": {"runtime": 125}}