{"critic_loss": 0.0004439213953446597, "actor_loss": -5.875328540802002, "_timestamp": 1736629613.367842, "_runtime": 59.24561095237732, "_step": 39872, "_wandb": {"runtime": 58}}