{"critic_loss": 0.04473184049129486, "actor_loss": -5.7271223068237305, "_timestamp": 1736618720.777863, "_runtime": 120.57388997077942, "_step": 39488, "_wandb": {"runtime": 119}}