{"critic_loss": 0.04039710760116577, "actor_loss": -0.19985727965831757, "_timestamp": 1736632143.041707, "_runtime": 123.73451614379883, "_step": 39488, "_wandb": {"runtime": 123}}