{"critic_loss": 0.0004402231425046921, "actor_loss": -5.889565944671631, "_timestamp": 1736627982.039422, "_runtime": 68.11968398094177, "_step": 39872, "_wandb": {"runtime": 67}}