{"critic_loss": 0.035457681864500046, "actor_loss": -5.687421798706055, "_timestamp": 1736612787.583311, "_runtime": 137.99182105064392, "_step": 39488, "_wandb": {"runtime": 137}}