{"critic_loss": 0.04304766654968262, "actor_loss": -0.1155124306678772, "_timestamp": 1736631658.15756, "_runtime": 129.54078817367554, "_step": 39488, "_wandb": {"runtime": 129}}