{"critic_loss": 0.029338108375668526, "actor_loss": -5.705303192138672, "_timestamp": 1736609098.746159, "_runtime": 131.89041209220886, "_step": 39488, "_wandb": {"runtime": 131}}