{"critic_loss": 0.0005588196800090373, "actor_loss": -5.901822090148926, "_timestamp": 1736628342.028081, "_runtime": 68.37660193443298, "_step": 39872, "_wandb": {"runtime": 67}}