{"critic_loss": 0.027511680498719215, "actor_loss": -5.693730354309082, "_timestamp": 1736610472.0623329, "_runtime": 157.93276596069336, "_step": 39488, "_wandb": {"runtime": 157}}