{"critic_loss": 0.0005201193271204829, "actor_loss": -5.839496612548828, "_timestamp": 1736628139.101494, "_runtime": 59.18402099609375, "_step": 39872, "_wandb": {"runtime": 58}}