{"critic_loss": 0.00043513503624126315, "actor_loss": -7.765013217926025, "_timestamp": 1736630738.212901, "_runtime": 68.15854620933533, "_step": 39872, "_wandb": {"runtime": 67}}