{"critic_loss": 0.03555629029870033, "actor_loss": -5.6886396408081055, "_timestamp": 1736609344.190505, "_runtime": 124.87217497825623, "_step": 39488, "_wandb": {"runtime": 124}}