{"critic_loss": 0.0012639774940907955, "actor_loss": -5.874251842498779, "_timestamp": 1736629273.318666, "_runtime": 69.26464796066284, "_step": 39872, "_wandb": {"runtime": 68}}