{"critic_loss": 0.00044795277062803507, "actor_loss": -5.879222393035889, "_timestamp": 1736629776.198154, "_runtime": 71.29473805427551, "_step": 39872, "_wandb": {"runtime": 70}}