{"critic_loss": 0.03346981480717659, "actor_loss": -5.724699020385742, "_timestamp": 1736612993.672416, "_runtime": 117.79445886611938, "_step": 39488, "_wandb": {"runtime": 117}}