{"critic_loss": 0.03536088392138481, "actor_loss": -5.66983699798584, "_timestamp": 1736610059.876982, "_runtime": 120.79490685462952, "_step": 39488, "_wandb": {"runtime": 120}}