{"critic_loss": 0.00042311957804486156, "actor_loss": -5.843626022338867, "_timestamp": 1736629070.454051, "_runtime": 68.40973997116089, "_step": 39872, "_wandb": {"runtime": 67}}