{"critic_loss": 0.03346981480717659, "actor_loss": -5.724699020385742, "_timestamp": 1736612477.199826, "_runtime": 141.54433703422546, "_step": 39488, "_wandb": {"runtime": 140}}