{"critic_loss": 0.014825807884335518, "actor_loss": -5.921761989593506, "_timestamp": 1736628917.761927, "_runtime": 66.99018287658691, "_step": 39872, "_wandb": {"runtime": 66}}