{"critic_loss": 0.03203250840306282, "actor_loss": -0.17741315066814423, "_timestamp": 1736631292.8901398, "_runtime": 66.38226985931396, "_step": 39872, "_wandb": {"runtime": 65}}