{"critic_loss": 0.059399478137493134, "actor_loss": -5.663265228271484, "_timestamp": 1736612064.6803782, "_runtime": 206.5003592967987, "_step": 38976, "_wandb": {"runtime": 206}}